
BEGIN
DECLARE @count smallint
SET @count = (Select count(*) from province)

if(@count < 7)
BEGIN

SET IDENTITY_INSERT province ON
INSERT  INTO province (id, name, nepali_name) VALUES
(1, 'Province 1', 'प्रदेश १'),
(2, 'Province 2', 'प्रदेश २'),
(3, 'Bagmati', 'बाग्मती'),
(4, 'Gandaki', 'गण्डकी'),
(5, 'Lumbini', 'लुम्बिनी'),
(6, 'Karnali', 'कर्णाली'),
(7, 'Sudur Paschim', 'सुदूर पश्चिम')
SET IDENTITY_INSERT province OFF
END

DECLARE @countDistrict smallint
SET @countDistrict = (Select count(*) from district)

if(@countDistrict < 75)
BEGIN
SET IDENTITY_INSERT district ON
INSERT  INTO district (id, province_id, name, nepali_name) VALUES
(1, 1, 'Taplejung', 'ताप्लेजुङ'),
(2, 1, 'Panchthar', 'पाँचथर' ),
(3, 1, 'Ilam', 'ईलाम '),
(4, 1, 'Jhapa','झापा'),
(5, 1, 'Morang','मोरङ'),
(6, 1, 'Sunasari','सुनसरी' ),
(7, 1, 'Dhankuta','धनकुटा '),
(8, 1, 'Terhathum','तेर्‍हथुम' ),
(9, 1, 'Sankhuwasabha','सङ्खुवासभा '),
(10, 1, 'Bhojpur','भोजपुर '),
(11, 1, 'Solukhumbu','सोलुखुम्बु' ),
(12, 1, 'Okhaldunga','ओखलढुङ्गा'),
(13, 1, 'Khotang','खोटाङ' ),
(14, 1, 'Udayapur','उदयपुर' ),
(15, 2, 'Saptari','सप्तरी '),
(16, 2, 'Siraha','सिरहा'),
(17, 2, 'Dhanusha','धनुषा' ),
(18, 2, 'Mahottari','महोत्तरी '),
(19, 2, 'Sarlahi','सर्लाही '),
(20, 2, 'Rautahat','रौतहट' ),
(21, 2, 'Bara','बारा'),
(22, 2, 'Parsa','पर्सा '),
(23, 3, 'Sindhuli','सिन्धुली' ),
(24, 3, 'Ramechhap','रामेछाप '),
(25, 3, 'Dolakha','दोलखा' ),
(26, 3, 'Sindhupalchowk','सिन्धुपाल्चोक' ),
(27, 3, 'Kavrepalanchok','काभ्रेपलान्चोक' ),
(28, 3, 'Lalitpur','ललितपुर '),
(29, 3, 'Bhaktapur','भक्तपुर '),
(30, 3, 'Kathmandu','काठमाडौं '),
(31, 3, 'Nuwakot','नुवाकोट '),
(32, 3, 'Rasuwa','रसुवा '),
(33, 3, 'Dhading','धादिङ '),
(34, 3, 'Makawanpur','मकवानपुर '),
(35, 3, 'Chitwan','चितवन' ),
(36, 4, 'Gorkha','गोर्खा'),
(37, 4, 'Lamjung','लम्जुङ' ),
(38, 4, 'Tanahun','तनहुँ'),
(39, 4, 'Syangja','स्याङ्जा'),
(40, 4, 'Kaski','कास्की '),
(41, 4, 'Manang','मनाङ' ),
(42, 4, 'Mustang','मुस्ताङ' ),
(43, 4, 'Myagdi','म्याग्दी' ),
(44, 4, 'Parbat','पर्वत' ),
(45, 4, 'Baglung','बाग्लुङ '),
(46, 4, 'Nawalparasi East','पूर्व नवलपरासी' ),
(47, 5, 'Gulmi','गुल्मी'),
(48, 5, 'Palpa','पाल्पा' ),
(49, 5, 'Rupandehi','रुपन्देही' ),
(50, 5, 'Kapilbastu','कपिलवस्तु '),
(51, 5, 'Arghakhanchi','अर्घाखाँची '),
(52, 5, 'Pyuthan','प्युठान '),
(53, 5, 'Rolpa','रोल्पा' ),
(54, 5, 'Rukum East','पूर्व रुकुम' ),
(55, 5, 'Dang','दाङ'),
(56, 5, 'Banke','बाँके'),
(57, 5, 'Bardiya','बर्दिया'),
(58, 6, 'Salyan','सल्यान' ),
(59, 6, 'Surkhet','सुर्खेत '),
(60, 6, 'Dailekh','दैलेख' ),
(61, 6, 'Jajarkot','जाजरकोट '),
(62, 6, 'Dolpa','डोल्पा' ),
(63, 6, 'Jumla','जुम्ला' ),
(64, 6, 'Kalikot','कालिकोट' ),
(65, 6, 'Mugu','मुगु'),
(66, 6, 'Humla','हुम्ला '),
(67, 7, 'Bajura','बाजुरा'),
(68, 7, 'Bajhang','बझाङ '),
(69, 7, 'Achham','अछाम' ),
(70, 7, 'Doti','डोटी'),
(71, 7, 'Kailali','कैलाली'),
(72, 7, 'Kanchanpur','कन्चनपुर'),
(73, 7, 'Dadeldhura','डडेलधुरा'),
(74, 7, 'Baitadi','बैतदी' ),
(75, 7, 'Darchula','दार्चुला' ),
(76, 5, 'Nawalparasi West','पश्चिम नवलपरासी'),
(77, 6, 'Rukum West','पश्चिम रुकुम')
SET IDENTITY_INSERT district Off
END

DECLARE @countMunicipal smallint
SET @countMunicipal = (Select count(*) from municipality_vdc)

if(@countMunicipal < 75)
BEGIN

SET IDENTITY_INSERT municipality_vdc ON
INSERT INTO municipality_vdc (id, district_id, name, nepali_name) VALUES
    (1, 1, 'Phungling','फुङ्लिङ'),
    (2, 1, 'Aatharai Triveni','आठराई त्रिवेणी'),
    (3, 1, 'Sidingawa','सिदिङवा'),
    (4, 1, 'Phakatanglung','फाकतङ्लुङ'),
    (5, 1, 'Mikwa Khola','मिकवा खोला '),
    (6, 1, 'Meringden','मेरिङ्गदेन '),
    (7, 1, 'Maiwa Khola','मैवा खोला '),
    (8, 1, 'Yangbarak','यङ्बाराक '),
    (9, 1, 'Sirijangha','सिरीजङ्घा'),
    (10, 2, 'Phidim','फिदिम '),
    (11, 2, 'Phalelung','फालेलुङ '),
    (12, 2, 'Phalgunanda','फाल्गुनन्द '),
    (13, 2, 'Hilihang','हिलिहाङ'),
    (14, 2, 'Kummayak','कुम्मायाक '),
    (15, 2, 'Miklajung','मिक्लाजुंग'),
    (16, 2, 'Tumbewa','तुम्वेवा'),
    (17, 2, 'Yangbarak','याङवरक'),
    (18, 3, 'Ilam','ईलाम '),
    (19, 3, 'Deumai','देउमाई'),
    (20, 3, 'Mai','माई'),
    (21, 3, 'Suryodaya','सूर्योदय'),
    (22, 3, 'Phakaphokthum','फाकफोकथुम'),
    (23, 3, 'Chulachuli','चुलाचुली '),
    (24, 3, 'Mai Jogmai','माई जोगमाई'),
    (25, 3, 'Mangsebung','माङसेबुङ'),
    (26, 3, 'Rong','रोङ'),
    (27, 3, 'Sandakpur','सन्दकपुर'),
    (28, 4, 'Mechi Nagar','मेची नगर'),
    (29, 4, 'Damak','दमक '),
    (30, 4, 'Kankai','कन्काई'),
    (31, 4, 'Bhadrapur','भद्रपुर '),
    (32, 4, 'Arjundhara','अर्जुनधारा'),
    (33, 4, 'Shivasatakshi','शिवसतक्षी'),
    (34, 4, 'Gauradaha','गौरादह'),
    (35, 4, 'Birtamod','बिर्तामोड'),
    (36, 4, 'Kamal','कमल'),
    (37, 4, 'Gaurigunj','गौरीगञ्ज'),
    (38, 4, 'Barhadashi','बाह्रदशी'),
    (39, 4, 'Jhapa','झापा'),
    (40, 4, 'BuddaShanti','बुद्धशान्ति'),
    (41, 4, 'Haldibari','हल्दिवारी'),
    (42, 4, 'Kachankawal','कचनकवल'),
    (43, 5, 'Biratnagar','विराटनगर'),
    (44, 5, 'Belbari','बेलवारी'),
    (45, 5, 'Letang','लेटाङ'),
    (46, 5, 'Pathari-Sanishchare','पथरी-शनिश्चरे'),
    (47, 5, 'Rangeli','रङ्गेली '),
    (48, 5, 'Ratuwamai','रतुवामाई'),
    (49, 5, 'Sunbarshi','सुनवर्षि'),
    (50, 5, 'Urlabari','उर्लावारी'),
    (51, 5, 'Sundarharaincha','सुन्दरहरैँचा'),
    (52, 5, 'Budhi Ganga','बुढीगंगा'),
    (53, 5, 'Dhanpalthan','धनपालथान '),
    (54, 5, 'Gramthan','ग्रामथान'),
    (55, 5, 'Jahada', 'जहदा'),
    (56, 5, 'Kanepokhari','कानेपोखरी'),
    (57, 5, 'Katahari','कटहरी'),
    (58, 5, 'Kerabari','केरावारी'),
    (59, 5, 'Miklajung','मिक्लजुङ'),
    (60, 6, 'Itahari','ईटहरी '),
    (61, 6, 'Dharan', 'धरान'),
    (62, 6, 'Inaruwa','ईनरुवा  '),
    (63, 6, 'Duhabi','दुहवी'),
    (64, 6, 'Ramdhuni','रामधुनी'),
    (65, 6, 'Baraha','बराह'),
    (66, 6, 'Dewangunj','देवानगञ्ज'),
    (67, 6, 'Koshi','कोशी'),
    (68, 6, 'Gadhi','गढी'),
    (69, 6, 'Barju','बर्जु'),
    (70, 6, 'Bhokraha Narsingh','भोक्राहा नरसिंह'),
    (71, 6, 'Harinagara','हरीनगर '),
    (72, 7, 'Pakhribas','पाख्रिबास'),
    (73, 7, 'Dhankuta','धनकुटा'),
    (74, 7, 'Mahalaxmi','महालक्ष्मी '),
    (75, 7, 'Sangurigadhi','साँगुरीगढी'),
    (79, 7, 'Sahidbhumi','सहिदभूमि'),
    (80, 7, 'Chhathar Jorpati','छथर जोरपाटी '),
    (81, 7, 'Chaubise','चौबिसे'),
    (82, 8, 'Myanglung','म्याङलुङ'),
    (83, 8, 'Laligurans','लालीगुराँस'),
    (84, 8, 'Aatharai','आठराई '),
    (85, 8, 'Chhathar','छथर'),
    (86, 8, 'Phedap','फेदाप '),
    (87, 8, 'Menchayayem','मेन्छयायेम'),
    (88, 9, 'Chainpur','चैनपुर'),
    (89, 9, 'Dharmadevi','धर्मदेवी'),
    (90, 9, 'Khandbari','खाँदवारी'),
    (91, 9, 'Madi','मादी'),
    (92, 9, 'Panchkhapan','पाँचखपन'),
    (93, 9, 'Bhot Khola','भोट खोला '),
    (94, 9, 'Chichila','चिचिला '),
    (95, 9, 'Makalu','मकालु '),
    (96, 9, 'Sabhapokhari','सभापोखरी '),
    (97, 9, 'Silichong','सिलिचोङ '),
    (98, 10, 'Bhojpur','भोजपुर '),
    (99, 10, 'Shadananda','षडानन्द'),
    (100, 10, 'Temkemaiyung','टेम्केमैयुङ'),
    (101, 10, 'Ram Prasad Rai','राम प्रसाद राई '),
    (102, 10, 'Arun','अरुण'),
    (103, 10, 'Pauwadungama','पौवादुङमा'),
    (104, 10, 'Salpasilichho','साल्पासिलिछो'),
    (105, 10, 'Aamchok','आमचोक'),
    (106, 10, 'Hatuwagadhi','हतुवागढी'),
    (107, 11, 'Solududhakund','सोलुदुधकुण्ड'),
    (108, 11, 'Mapya Dudhkoshi','माप्य दुधकोशी'),
    (109, 11, 'Khumbu Pasanglhamu','खुम्वु पासाङल्हमु'),
    (110, 11, 'Thulung Dudhkoshi','थुलुङ दुधकोशी'),
    (111, 11, 'Nechasalyan','नेचा सल्यान '),
    (112, 11, 'Mahakulung','महाकुलुङ '),
    (113, 11, 'Likhu Pike','लिखु पिके '),
    (114, 11, 'Sotang','सोताङ '),
    (115, 12, 'Siddicharan','सिद्दिचरण'),
    (116, 12, 'Khiji Demba','खिजिदेम्बा'),
    (117, 12, 'Champadevi','चम्पादेवी '),
    (118, 12, 'Chishankhugadhi','चिशंखुगढी'),
    (119, 12, 'Manebhanjyang','मानेभञ्ज्याङ'),
    (120, 12, 'Molung','मोलुङ'),
    (121, 12, 'Likhu','लिखु'),
    (122, 12, 'Sunkoshi','सुन्कोशी '),
    (123, 13, 'Halesi Tuwachung','हलेसी तुवाचुङ'),
    (124, 13, 'Diktel Rupakot Majhuwagadhi','दिक्तेल रुपाकोट मझुवागढी'),
    (125, 13, 'Aiselukharka','ऐसेलुखर्क '),
    (126, 13, 'Rawa Besi','रावा बेसी'),
    (127, 13, 'Jantedhunga','जन्तेढुङ्गा '),
    (128, 13, 'Khotehang','खोटेहाङ'),
    (129, 13, 'Kepilasgadhi','केपिलासगढी'),
    (130, 13, 'Diprung Chuichumma','दिप्रुङ चुइचुम्मा'),
    (131, 13, 'Sakela','साकेला'),
    (132, 13, 'Barahapokhari','वराहपोखरी'),
    (133, 14, 'Katari','कटारी '),
    (134, 14, 'Chaudandigadhi','चौदण्डीगढी'),
    (135, 14, 'Triyuga','त्रियुगा'),
    (136, 14, 'Belaka','वेलका'),
    (137, 14, 'Udayapurgadhi','उदयपुरगढी '),
    (138, 14, 'Tapli','ताप्ली'),
    (139, 14, 'Rautamai','रौतामाई'),
    (140, 14, 'Limchungbung','लिम्चुङ्बुङ'),
    (141, 15, 'Rajbiraj','राजविराज'),
    (142,15,'Kanchanrup','कञ्चनरुप'),
    (143,15,'Dakneshwori','डाक्नेश्वरी'),
    (144,15,'Bodebarsain','बोदेबरसाईन'),
    (145,15,'Khadak','खडक'),
    (146,15,'Shambhunath','शम्भुनाथ'),
    (147,15,'Surunga','सुरुङ्‍गा'),
    (148,15,'Hanumannagar Kankalini','हनुमाननगर कङ्‌कालिनी'),
    (149,15,'Agnisaira Krishnasavaran','अग्निसाइर कृष्णासरवन'),
    (150,15,'Chhinnamasta','छिन्नमस्ता'),
    (151,15,'Mahadeva','महादेवा'),
    (152,15,'Saptakoshi','सप्तकोशी'),
    (153,15,'Tirhut','तिरहुत'),
    (154,15,'Tilathi Koiladi','तिलाठी कोईलाडी'),
    (155,15,'Rupani','रुपनी'),
    (156,15,'Balan Bihul','बलान-बिहुल'),
    (157,15,'Bishnupur','बिष्णुपुर'),
    (158,16,'Lahan','लहान'),
    (159,16,'Dhanagadhimai','धनगढीमाई'),
    (160,16,'Siraha','सिरहा'),
    (161,16,'Golbazaar','गोलबजार'),
    (162,16,'Mirchaiya','मिर्चैयाँ'),
    (163,16,'Kalyanpur','कल्याणपुर'),
    (164,16,'Bhagawanpur','भगवानपुर'),
    (165,16,'Aaurahi','औरही'),
    (166,16,'Bishnupur','विष्णुपुर'),
    (167,16,'Sukhipur','सुखीपुर'),
    (168,16,'Karjanha','कर्जन्हा'),
    (169,16,'Bariyarpatti','बरियारपट्टी'),
    (170,16,'Laxmipur Patari','लक्ष्मीपुर पतारी'),
    (171,16,'Naraha','नरहा'),
    (172,16,'Sakhuwanankarkatti','सखुवानान्कारकट्टी'),
    (173,16,'Arnama','अर्नमा'),
    (174,16,'Nawarajpur','नवराजपुर'),
    (175,17,'Janakpurdham','जनकपुरधाम'),
    (176,17,'Chhireshwarnath','क्षिरेश्वरनाथ'),
    (177,17,'Ganeshman Charnath','गणेशमान चारनाथ'),
    (178,17,'Dhanusadham','धनुषाधाम'),
    (179,17,'Nagaraen','नगराइन'),
    (180,17,'Bideh','विदेह'),
    (181,17,'Mithila','मिथिला'),
    (182,17,'Shahidnagar','शहीदनगर'),
    (183,17,'Sabaila','सबैला'),
    (184,17,'Kamala','कमला'),
    (185,17,'JanakNandini','जनकनन्दिनी'),
    (186,17,'Bateshwor','बटेश्वर'),
    (187,17,'Mithila Bihari','मिथिला बिहारी'),
    (188,17,'Mukhiyapatti Musaharmiya','मुखियापट्टी मुसहरमिया'),
    (189,17,'Laxminiya','लक्ष्मीनिया'),
    (190,17,'Hanspur','हंसपुर'),
    (191,17,'Aaurahi','औरही'),
    (192,18,'Jaleshwor','जलेश्वर'),
    (193,18,'Bardibas','बर्दिबास'),
    (194,18,'Gaushala','गौशाला'),
    (195,18,'Ekadara','एकडारा'),
    (196,18,'Sonama','सोनमा'),
    (197,18,'Samsi','साम्सी'),
    (198,18,'Loharpatti','लोहरपट्टी'),
    (199,18,'Ramgopalpur','रामगोपालपुर'),
    (200,18,'Mahottari','महोत्तरी'),
    (201,18,'Manara','मनरा शिसवा'),
    (202,18,'Matihani','मटिहानी'),
    (203,18,'Bhangaha','भँगाहा'),
    (204,18,'Balawa','बलवा'),
    (205,18,'Pipara','पिपरा'),
    (206,18,'Aaurahi','औरही'),
    (207,19,'Ishworpur','ईश्वरपुर'),
    (213,19,'Malangawa','मलंगवा'),
    (214,19,'Lalbandi','लालबन्दी'),
    (215,19,'Haripur','हरिपुर'),
    (216,19,'Haripurwa','हरिपुर्वा'),
    (217,19,'Hariwan','हरिवन'),
    (218,19,'Barahathawa','बरहथवा'),
    (219,19,'Balara','बलरा'),
    (220,19,'Godaita','गोडैटा'),
    (221,19,'Bagmati','बागमती'),
    (222,19,'Kabilasi','कविलासी'),
    (223,19,'Chakraghatta','चक्रघट्टा'),
    (224,19,'Chandranagar','चन्द्रनगर'),
    (225,19,'Dhankaul','धनकौल'),
    (226,19,'Bramhapuri','ब्रह्मपुरी'),
    (227,19,'Ramnagar','रामनगर'),
    (228,19,'Bishnu','विष्णु'),
    (229,20,'Chandrapur','चन्द्रपुर'),
    (230,20,'Garuda','गरुडा'),
    (231,20,'Gaur','गौर'),
    (232,20,'Boudhimai','बौधीमाई'),
    (233,20,'Brindaban','बृन्दावन'),
    (234,20,'Devahi Gonahi','देवाही गोनाही'),
    (235,20,'Durga Bhagawati','दुर्गा भगवती'),
    (236,20,'GadhiMai','गढीमाई'),
    (237,20,'Gujara','गुजरा'),
    (238,20,'Katahariya','कटहरिया'),
    (239,20,'Madhav Narayan','माधव नारायण'),
    (240,20,'Maulapur','मौलापुर'),
    (241,20,'Phatuwa Bijayapur','फतुवाबिजयपुर'),
    (242,20,'Ishanath','ईशनाथ'),
    (243,20,'Paroha','परोहा'),
    (244,20,'Rajpur','राजपुर'),
    (245,21,'Kalaiya','कलैया'),
    (246,21,'Jitpur Simara','जीतपुर सिमरा'),
    (247,21,'Kolhabi','कोल्हवी'),
    (248,21,'Nijgadh','निजगढ'),
    (249,21,'Maha Gadhimai','महागढीमाई'),
    (250,21,'Simraun Gadh','सिम्रौनगढ'),
    (251,21,'Adarsha Kotwal','आदर्श कोटवाल'),
    (252,21,'Karaiya Mai','करैयामाई'),
    (253,21,'Devtaal','देवताल'),
    (254,21,'Pacha Routa','पचरौता'),
    (255,21,'Parawanipur','परवानीपुर'),
    (256,21,'Prasouni','प्रसौनी'),
    (257,21,'Pheta','फेटा'),
    (258,21,'Baragadhi','बारागढी'),
    (259,21,'Subarna','सुवर्ण'),
    (260,22,'Birgunj','बिरगंज'),
    (261,22,'Pokhariya','पोखरिया'),
    (262,22,'Jirabhawani','जिरा भवानी'),
    (263,22,'Jagarnathapur','जगरनाथपुर'),
    (264,22,'Dhobini','धोबीनी'),
    (265,22,'Chhipahar Mai','छिपहरमाई'),
    (266,22,'Pakaha Mainpur','पकाहा मैनपुर'),
    (267,22,'Bindabasini','बिन्दबासिनी'),
    (268,22,'Bahudar Mai','बहुदरमाई'),
    (269,22,'Kalikamai','कालिकामाई'),
    (270,22,'Parsa Gadhi','पर्सागढी'),
    (271,22,'Sakhuwa Prasouni','सखुवा प्रसौनी'),
    (272,22,'Paterwa Sugauli','पटेर्वा सुगौली'),
    (273,23,'Kamalamai','कमलामाई'),
    (274,23,'Dudhauli','दुधौली'),
    (275,23,'Golanjor','गोलन्जर'),
    (276,23,'Ghyanglekh','घ्याङलेख'),
    (277,23,'Teen Patan','तीनपाटन'),
    (278,23,'Phikkal','फिक्कल'),
    (279,23,'Marin','मरिण'),
    (280,23,'Sunkoshi','सुनकोशी'),
    (281,23,'Hariharpurgadhi','हरिहरपुरगढी'),
    (282,24,'Manthali','मन्थली'),
    (283,24,'Ramechhap','रामेछाप'),
    (284,24,'Umakunda','उमाकुण्ड'),
    (285,24,'Khandadevi','खाँडादेवी'),
    (286,24,'Gokulganga','गोकुलगङ्गा'),
    (287,24,'Doramba','दोरम्बा'),
    (288,24,'Likhu Tamakoshi','लिखु तामाकोशी'),
    (289,24,'Sunapati','सुनापती'),
    (290,25,'Jiri','जिरी'),
    (291,25,'Bhimeshwor','भिमेश्वर'),
    (292,25,'Kalinchok','कालिन्चोक'),
    (293,25,'Gaurishankar','गौरीशङ्कर'),
    (294,25,'Tamakoshi','तामाकोशी'),
    (295,25,'Melung','मेलुङ्ग'),
    (296,25,'Bigu','विगु'),
    (298,25,'Baiteshwor','वैतेश्वर'),
    (299,25,'Shailung','शैलुङ्ग'),
    (300,26,'Chautara Sangachokgadhi','चौतारा साँगाचोकगढी'),
    (301,26,'Barhabise','बाह्रविसे'),
    (302,26,'Melamchi','मेलम्ची'),
    (303,26,'Indrawati','ईन्द्रावती'),
    (304,26,'Jugal','जुगल'),
    (305,26,'Pancha Pokhari','पाँचपोखरी थाङपाल'),
    (306,26,'Balephi','बलेफी'),
    (307,26,'Bhotekoshi','भोटेकोशी'),
    (308,26,'Lishankhu Pakhar','लिसङ्खु पाखर'),
    (309,26,'Sunkoshi','सुनकोशी'),
    (310,26,'Helambu','हेलम्बु'),
    (311,26,'Tripurasundari','त्रिपुरासुन्दरी'),
    (312,27,'Dhulikhel','धुलिखेल'),
    (313,27,'Banepa','बनेपा'),
    (314,27,'Panauti','पनौती'),
    (315,27,'Panchkhal','पाँचखाल'),
    (316,27,'Namobuddha','नमोबुद्ध'),
    (317,27,'Mandandeupur','मण्डनदेउपुर'),
    (318,27,'Khanikhola','खानीखोला'),
    (319,27,'Chaunri Deurali','चौंरीदेउराली'),
    (320,27,'Temal','तेमाल'),
    (321,27,'Bethanchok','बेथानचोक'),
    (322,27,'Bhumlu','भुम्लु'),
    (323,27,'Mahabharat','महाभारत'),
    (324,27,'Roshi','रोशी'),
    (325,28,'Lalitpur','ललितपुर'),
    (326,28,'Godawari','गोदावरी'),
    (327,28,'Maha Laxmi','महालक्ष्मी'),
    (328,28,'Konjyosom','कोन्ज्योसोम'),
    (329,28,'Bagmati','बागमती'),
    (330,28,'Mahankal','महाङ्काल'),
    (331,29,'Changunarayan','चाँगुनारायण'),
    (332,29,'Bhaktapur','भक्तपुर'),
    (333,29,'Madhyapur','मध्यपुर थिमी'),
    (334,29,'Surya Binayak','सूर्यविनायक'),
    (335,30,'Kathmandu','काठमाण्डौं'),
    (336,30,'Kageswori Manohara','कागेश्वरी मनोहरा'),
    (337,30,'Kirtipur','कीर्तिपुर'),
    (338,30,'Gokarneshwor','गोकर्णेश्वर'),
    (339,30,'Chandragiri','चन्द्रागिरी'),
    (340,30,'Tokha','टोखा'),
    (341,30,'Tarkeshwor','तारकेश्वर'),
    (342,30,'Dakshinkali','दक्षिणकाली'),
    (343,30,'Nagarjun','नागार्जुन'),
    (344,30,'Budhanialkantha','बुढानिलकण्ठ'),
    (345,30,'Sankharapur','शङ्खरापुर'),
    (346,31,'Bidur','विदुर'),
    (347,31,'Belkot Gadhi','बेलकोटगढी'),
    (348,31,'Kakani','ककनी'),
    (349,31,'Kispang','किस्पाङ'),
    (350,31,'Tadi','तादी'),
    (351,31,'Tarkeshwor','तारकेश्वर'),
    (352,31,'Dupcheshwor','दुप्चेश्वर'),
    (353,31,'Pancha Kanya','पञ्चकन्या'),
    (354,31,'Likhu','लिखु'),
    (355,31,'Meghang','म्यगङ'),
    (356,31,'Shivpuri','शिवपुरी'),
    (357,31,'Suryagadhi','सुर्यगढी'),
    (358,32,'Uttargaya','उत्तरगया'),
    (359,32,'Kalika','कालिका'),
    (360,32,'Gosaikunda','गोसाईकुण्ड'),
    (361,32,'Naukunda','नौकुण्ड'),
    (362,32,'Aama Chhodingmo','आमाछोदिङमो'),
    (363,33,'Dhunibesi','धुनीबेंशी'),
    (364,33,'Nilkantha','निलकण्ठ'),
    (365,33,'Khaniyabas','खनियाबास'),
    (366,33,'Gajuri','गजुरी'),
    (367,33,'Galchhi','गल्छी'),
    (368,33,'Ganga Jamuna','गङ्गाजमुना'),
    (369,33,'Jwalamukhi','ज्वालामूखी'),
    (370,33,'Thakre','थाक्रे'),
    (371,33,'Netrawati','नेत्रावती डबजोङ'),
    (372,33,'Benighat Rorang','बेनीघाट रोराङ्ग'),
    (373,33,'Rubi Valley','रुवी भ्याली'),
    (374,33,'Siddhalek','सिद्धलेक'),
    (375,33,'Tripura Sundari','त्रिपुरासुन्दरी'),
    (376,34,'Hetaunda','हेटौडा'),
    (377,34,'Thaha','थाहा'),
    (378,34,'Indra Sarobar','इन्द्रसरोबर'),
    (379,34,'Kailash','कैलाश'),
    (380,34,'Bakaiya','बकैया'),
    (381,34,'Bagmati','बाग्मति'),
    (382,34,'Bhimphedi','भिमफेदी'),
    (383,34,'Makawanpur Gadhi','मकवानपुरगढी'),
    (384,34,'Manahari','मनहरी'),
    (385,34,'Raksirang','राक्सिराङ्ग'),
    (388,35,'Bharatpur','भरतपुर'),
    (389,35,'Kalika','कालिका'),
    (390,35,'Khairhani','खैरहनी'),
    (391,35,'Madi','माडी'),
    (392,35,'Ratna Nagar','रत्ननगर'),
    (393,35,'Rapti','राप्ती'),
    (394,35,'Ichchhakamana','इच्छाकामना'),
    (395,36,'Gorkha','गोरखा'),
    (396,36,'Palungtar','पालुङटार'),
    (397,36,'Barpak Sulikot','बारपाक सुलिकोट'),
    (398,36,'Siranchok','सिरानचोक'),
    (399,36,'Ajirkot','अजिरकोट'),
    (400,36,'Aarughat','आरूघाट'),
    (401,36,'Gandaki','गण्डकी'),
    (402,36,'Chumanubri','चुमनुव्री'),
    (403,36,'Dharche','धार्चे'),
    (404,36,'Bhimsen Thapa','भिमसेनथापा'),
    (405,36,'Shahid Lakhan','शहिद लखन'),
    (406,37,'Besishahar','बेसीशहर'),
    (407,37,'Madhya Nepal','मध्यनेपाल'),
    (408,37,'Rainas','रार्इनास'),
    (409,37,'Sundarbazar','सुन्दरबजार'),
    (410,37,'Khwolasothar','क्व्होलासोथार'),
    (411,37,'Dhudh Pokhari','दूधपोखरी'),
    (412,37,'Dordi','दोर्दी'),
    (413,37,'Marsyangdi','मर्स्याङदी'),
    (414,38,'Bhanu','भानु'),
    (415,38,'Bhimad','भिमाद'),
    (416,38,'Byas','व्यास'),
    (417,38,'Sukla Gandaki','शुक्लागण्डकी'),
    (418,38,'Aanbu Khaireni','आँबुखैरेनी'),
    (419,38,'Rishing','ऋषिङ्ग'),
    (420,38,'Ghiring','घिरिङ'),
    (421,38,'Devghat','देवघाट'),
    (422,38,'Myagde','म्याग्दे'),
    (423,38,'Bandipur','वन्दिपुर'),
    (424,39,'Galyang','गल्याङ'),
    (425,39,'Chapakot','चापाकोट'),
    (426,39,'Putalibazar','पुतलीबजार'),
    (427,39,'Bhirkot','भीरकोट'),
    (428,39,'Waling','वालिङ'),
    (429,39,'Arjun Chaupari','अर्जुनचौपारी'),
    (430,39,'Aandhi Khola','आँधिखोला'),
    (431,39,'Kali Gandaki','कालीगण्डकी'),
    (432,39,'Phedi Khola','फेदीखोला'),
    (433,39,'Biruwa','बिरुवा'),
    (434,39,'Harinas','हरिनास'),
    (435,40,'Pokhara Lekhnath','पोखरा'),
    (436,40,'Annapurna','अन्नपूर्ण'),
    (437,40,'Machhapuchhre','माछापुच्छ्रे'),
    (438,40,'Madi','मादी'),
    (439,40,'Rupa','रूपा'),
    (440,41,'Chame','चामे'),
    (441,41,'Narpa Bhumi','नार्पा भूमि'),
    (442,41,'Narshon','नासोँ'),
    (443,41,'Manang Ingshyang','मनाङ ङिस्याङ'),
    (444,42,'Gharpajhong','घरपझोङ'),
    (445,42,'Thasang','थासाङ'),
    (446,42,'Lo-Ghekar Damodarkunda','लो-घेकर दामोदरकुण्ड'),
    (447,42,'Lomanthang','लोमन्थाङ'),
    (448,42,'Varagung Muktichhetra','वारागुङ मुक्तिक्षेत्र'),
    (449,43,'Beni','बेनी'),
    (450,43,'Annapurna','अन्नपुर्ण'),
    (451,43,'Dhawalagiri','धवलागिरी'),
    (452,43,'Mangala','मंगला'),
    (453,43,'Malika','मालिका'),
    (454,43,'Raghuganga','रघुगंगा'),
    (455,44,'Kushma','कुश्मा'),
    (456,44,'Phalebas','फलेवास'),
    (457,44,'Jaljala','जलजला'),
    (458,44,'Painyoo','पैयूं'),
    (459,44,'Mahashila','महाशिला'),
    (460,44,'Modi','मोदी'),
    (461,44,'Bihadi','विहादी'),
    (462,45,'Baglung','बागलुङ'),
    (463,45,'Galkot','गल्कोट'),
    (464,45,'Jaimini','जैमिनी'),
    (465,45,'Dhorpatan','ढोरपाटन'),
    (466,45,'Bareng','वरेङ'),
    (467,45,'Kathekhola','काठेखोला'),
    (468,45,'Tamankhola','तमानखोला'),
    (469,45,'Tarakhola','ताराखोला'),
    (470,45,'Nisikhola','निसीखोला'),
    (471,45,'Badidad','वडिगाड'),
    (472,46,'Kawasoti','कावासोती'),
    (473,46,'Gaindakot','गैडाकोट'),
    (474,46,'Devchuli','देवचुली'),
    (475,76,'Bardaghat','बर्दघाट'),
    (476,46,'Madhya Bindu','मध्यविन्दु'),
    (477,76,'Ramgram','रामग्राम'),
    (478,76,'Sunwal','सुनवल'),
    (479,76,'Susta','सुस्ता'),
    (480,76,'Palhi Nandan','पाल्हीनन्दन'),
    (481,76,'Pratappur','प्रतापपुर'),
    (482,46,'Baudeekali','बौदीकाली'),
    (483,46,'Bulingtar','बुलिङटार'),
    (484,46,'Binayee Tribeni','विनयी त्रिवेणी'),
    (485,76,'Sarawal','सरावल'),
    (486,46,'Hupsekot','हुप्सेकोट'),
    (487,47,'Musikot','मुसिकोट'),
    (488,47,'Resunga','रेसुङ्गा'),
    (489,47,'Isma','ईस्मा'),
    (490,47,'Kali Gandaki','कालीगण्डकी'),
    (491,47,'Gulmi Durbar','गुल्मी दरबार'),
    (492,47,'Satyawati','सत्यवती'),
    (493,47,'Chandrakot','चन्द्रकोट'),
    (494,47,'Ruru','रुरुक्षेत्र'),
    (495,47,'Chhatrakot','छत्रकोट'),
    (496,47,'Dhurkot','धुर्कोट'),
    (497,47,'Madane','मदाने'),
    (498,47,'Malika','मालिका'),
    (499,48,'Rampur','रामपुर'),
    (500,48,'Tansen','तानसेन'),
    (501,48,'Nisdi','निस्दी'),
    (502,48,'Purba Khola','पूर्वखोला'),
    (503,48,'Rambha','रम्भा'),
    (504,48,'Matha Gadhi','माथागढी'),
    (505,48,'Tinau','तिनाउ'),
    (506,48,'Bagnaskali','बगनासकाली'),
    (507,48,'Ribdikot','रिब्दिकोट'),
    (508,48,'Rainadevi Chhahara','रैनादेवी छहरा'),
    (509,49,'Butwal','बुटवल'),
    (510,49,'Devdaha','देवदह'),
    (511,49,'Lumbini Sanskritik','लुम्बिनी सांस्कृतिक'),
    (512,49,'Siddharthanagar','सिद्धार्थनगर'),
    (513,49,'Saina Maina','सैनामैना'),
    (514,49,'Tilottama','तिलोत्तमा'),
    (515,49,'Gaidahawa','गैडहवा'),
    (516,49,'Kanchan','कन्चन'),
    (517,49,'Kotahimai','कोटहीमाई'),
    (518,49,'Marchawari','मर्चवारी'),
    (519,49,'Mayadevi','मायादेवी'),
    (520,49,'Om Satiya','ओमसतिया'),
    (521,49,'Rohini','रोहिणी'),
    (522,49,'Sammari Mai','सम्मरीमाई'),
    (523,49,'Siyari','सियारी'),
    (524,49,'Suddodhana','शुद्धोधन'),
    (525,50,'Kapilbastu','कपिलवस्तु'),
    (526,50,'Buddabhumi','बुद्धभुमी'),
    (527,50,'Shivaraj','शिवराज'),
    (528,50,'Maharajganj','महाराजगंज'),
    (529,50,'Krishnanagar','कृष्णनगर'),
    (530,50,'Banganga','बाणगंगा'),
    (531,50,'Mayadevi','मायादेवी'),
    (532,50,'Yashodhara','यसोधरा'),
    (533,50,'Suddodhana','सुद्धोधन'),
    (534,50,'Bijaynagar','विजयनगर'),
    (535,51,'Sandhikharka','सन्धिखर्क'),
    (536,51,'Sitganga','शितगंगा'),
    (537,51,'Bhumikasthan','भूमिकास्थान'),
    (538,51,'Chhatra Dev','छत्रदेव'),
    (539,51,'Panini','पाणिनी'),
    (540,51,'Malarani','मालारानी'),
    (541,52,'Pyuthan','प्यूठान'),
    (542,52,'Swargadwari','स्वर्गद्वारी'),
    (543,52,'Gaumukhi','गौमुखी'),
    (544,52,'Mandavi','माण्डवी'),
    (545,52,'Sarumarani','सरुमारानी'),
    (546,52,'Mallarani','मल्लरानी'),
    (547,52,'Naubahini','नौवहिनी'),
    (548,52,'Jhimruk','झिमरुक'),
    (549,52,'Eairabati','ऐरावती'),
    (550,53,'Rolpa','रोल्पा'),
    (551,53,'Triveni','त्रिवेणी'),
    (552,53,'Paribartan','परिवर्तन'),
    (553,53,'Madi','माडी'),
    (554,53,'Runtigadhi','रुन्टीगढी'),
    (555,53,'Lungri','लुङग्री'),
    (556,53,'Gangadev','गंगादेव'),
    (557,53,'Sunchhahari','सुनछहरी'),
    (558,53,'Sunil Smriti','सुनिल स्मृति'),
    (559,53,'Thawang','थवाङ'),
    (560,77,'Musikot','मुसिकोट'),
    (561,77,'Chaurjahari','चौरजहारी'),
    (562,77,'Aathabiskot','आठबिसकोट'),
    (563,54,'Putha Uttar Ganga','पुथा उत्तरगंगा'),
    (564,54,'Bhume','भूमे'),
    (565,54,'Sisne','सिस्ने'),
    (566,77,'Banfikot','बाँफिकोट'),
    (567,77,'Triveni','त्रिवेणी'),
    (568,77,'Sani Bheri','सानी भेरी'),
    (569,55,'Tulsipur','तुल्सीपुर'),
    (570,55,'Ghorahi','घोराही'),
    (571,55,'Lamahi','लमही'),
    (572,55,'Banglachuli','बंगलाचुली'),
    (573,55,'Dangisharan','दंगीशरण'),
    (574,55,'Gadhawa','गढवा'),
    (575,55,'Rajpur','राजपुर'),
    (576,55,'Rapti','राप्ती'),
    (577,55,'Shantinagar','शान्तिनगर'),
    (578,55,'Babai','बबई'),
    (579,56,'Nepalgunj','नेपालगंज'),
    (580,56,'Kohalpur','कोहलपुर'),
    (581,56,'Narainapur','नरैनापुर'),
    (582,56,'Rapti Sonari','राप्ती सोनारी'),
    (583,56,'Baijanath','बैजनाथ'),
    (584,56,'Khajura','खजुरा'),
    (585,56,'Duduwa','डुडुवा'),
    (586,56,'Janaki','जानकी'),
    (587,57,'Gulariya','गुलरिया'),
    (588,57,'Maduvan','मधुवन'),
    (589,57,'Rajapur Taratal','राजापुर'),
    (590,57,'Thakura Baba','ठाकुरबाबा'),
    (591,57,'Bansgadhi','बाँसगढी'),
    (592,57,'Barbardiya','बारबर्दिया'),
    (593,57,'Badhaiyatal','बढैयाताल'),
    (594,57,'Geruwa','गेरुवा'),
    (595,58,'Sharada','शारदा'),
    (596,58,'Bagchaur','बागचौर'),
    (597,58,'Bangad Kupinde','बनगाड कुपिण्डे'),
    (598,58,'Kalimati','कालिमाटी'),
    (599,58,'Triveni','त्रिवेणी'),
    (600,58,'Kapurkot','कपुरकोट'),
    (601,58,'Chhatreshwori','छत्रेश्वरी'),
    (602,58,'Siddha Kumakh','सिद्ध कुमाख'),
    (603,58,'Kumakha Malika','कुमाख'),
    (604,58,'Darma','दार्मा'),
    (605,59,'Birendra Nagar','बीरेन्द्रनगर'),
    (606,59,'BheriGanga','भेरीगंगा'),
    (607,59,'Gurbhakot','गुर्भाकोट'),
    (608,59,'Panchapuri','पञ्चपुरी'),
    (609,59,'Lekbesi','लेकवेशी'),
    (610,59,'Chaukune','चौकुने'),
    (611,59,'BarahaTal','बराहताल'),
    (612,59,'Chingad','चिङ्गाड'),
    (613,59,'Simta','सिम्ता'),
    (614,60,'Narayan','नारायण'),
    (615,60,'Dullu','दुल्लु'),
    (616,60,'Chamunda Bindrasaini','चामुण्डा विन्द्रासैनी'),
    (617,60,'Aathabis','आठबीस'),
    (618,60,'Bhagawati Mai','भगवतीमाई'),
    (619,60,'Gurans','गुराँस'),
    (620,60,'Dungeshwor','डुंगेश्वर'),
    (621,60,'Naumule','नौमुले'),
    (622,60,'Mahabu','महावु'),
    (623,60,'Bairavi','भैरवी'),
    (624,60,'Thantikandh','ठाँटीकाँध'),
    (625,61,'Bheri','भेरी'),
    (626,61,'Chhedagad','छेडागाड'),
    (627,61,'Nalgad','नलगाड'),
    (628,61,'Kuse','कुसे'),
    (629,61,'Junichande','जुनीचाँदे'),
    (630,61,'Barekot','बारेकोट'),
    (631,61,'Shivalaya','शिवालय'),
    (632,62,'Thuli Bheri','ठूली भेरी'),
    (633,62,'Tripura Sundari','त्रिपुरासुन्दरी'),
    (634,62,'Dolpo Buddha','डोल्पो बुद्ध'),
    (635,62,'She-Phoksundo','शे फोक्सुन्डो'),
    (636,62,'Jagadulla','जगदुल्ला'),
    (637,62,'Mudkechula','मुड्केचुला'),
    (638,62,'Kaieke','काईके'),
    (639,62,'Chharka Tangsong','छार्का ताङसोङ'),
    (640,63,'Chandannath','चन्दननाथ'),
    (641,63,'Kanaka Sundari','कनकासुन्दरी'),
    (642,63,'Sinja','सिंजा'),
    (643,63,'Hima','हिमा'),
    (644,63,'Tila','तिला'),
    (645,63,'Guthichaur','गुठिचौर'),
    (646,63,'Tatopani','तातोपानी'),
    (647,63,'Patarasi','पातारासी'),
    (648,64,'Khandachakra','खाँडाचक्र'),
    (649,64,'Raskot','रास्कोट'),
    (650,64,'Tila Gupha','तिलागुफा'),
    (651,64,'Pachal Jharana','पचालझरना'),
    (652,64,'Sanni Triveni','सान्नी त्रिवेणी'),
    (653,64,'Narhari Nath','नरहरिनाथ'),
    (654,64,'Subha Kalika','शुभ कालीका'),
    (655,64,'Mahawai','महावै'),
    (656,64,'Palata','पलाता'),
    (657,65,'Chhayanath Rara','छायाँनाथ रारा'),
    (658,65,'Muguma Karmarong','मुगुम कार्मारोंग'),
    (659,65,'Soru','सोरु'),
    (660,65,'Khatyad','खत्याड'),
    (661,66,'Simkot','सिमकोट'),
    (662,66,'Namkha','नाम्खा'),
    (663,66,'Kharpu Nath','खार्पुनाथ'),
    (664,66,'Sarkegad','सर्केगाड'),
    (665,66,'Chankheli','चंखेली'),
    (666,66,'Adanchuli','अदानचुली'),
    (667,66,'Tanjakot','ताँजाकोट'),
    (668,67,'Badi Malika','बडीमालिका'),
    (669,67,'Triveni','त्रिवेणी'),
    (670,67,'Budhi Ganga','बुढीगंगा'),
    (671,67,'Budhi Nanda','बुढीनन्दा'),
    (672,67,'Gaumul','गौमुल'),
    (673,67,'Jagannath','जगन्‍नाथ'),
    (674,67,'Swami Kartik Khapar','स्वामीकार्तिक खापर'),
    (675,67,'Khaptad Chhededaha','खप्तड छेडेदह'),
    (676,67,'Himali','हिमाली'),
    (677,68,'Jaya Prithvi','जयपृथ्वी'),
    (678,68,'Bungal','बुंगल'),
    (679,68,'Talkot','तलकोट'),
    (680,68,'Masta','मष्टा'),
    (681,68,'Khaptadchhanna','खप्तडछान्ना'),
    (682,68,'Thalara','थलारा'),
    (683,68,'Bitthadchir','वित्थडचिर'),
    (684,68,'Surma','सूर्मा'),
    (685,68,'Chhabis Pathibhera','छबिसपाथिभेरा'),
    (686,68,'Durgathali','दुर्गाथली'),
    (687,68,'Kedarsyu','केदारस्युँ'),
    (688,68,'Saipal','साइपाल'),
    (689,69,'Mangalsen','मंगलसेन'),
    (690,69,'Sanphebagar','साँफेबगर'),
    (691,69,'Kamalbazar','कमलबजार'),
    (692,69,'Panchdeval Binayak','पन्चदेवल विनायक'),
    (693,69,'Chourpati','चौरपाटी'),
    (694,69,'Mellekh','मेल्लेख'),
    (695,69,'Bannigadhi Jayagadh','बान्निगढी जयगढ'),
    (696,69,'Ramaroshan','रामारोशन'),
    (697,69,'Dhakari','ढकारी'),
    (698,69,'Turmakhand','तुर्माखाँद'),
    (699,70,'Dipayal-Silgadi','दिपायल सिलगढी'),
    (700,70,'Shikhar','शिखर'),
    (701,70,'Purbi Chouki','पूर्वीचौकी'),
    (702,70,'Badikedar','बडीकेदार'),
    (703,70,'Jorayal','जोरायल'),
    (704,70,'Sayal','सायल'),
    (705,70,'Aadarsha','आदर्श'),
    (706,70,'K.I. Singh','के.आई.सिं.'),
    (707,70,'Bogtan','बोगटान फुड्सिल'),
    (708,71,'Dhangadhi','धनगढी'),
    (709,71,'Tikapur','टिकापुर'),
    (710,71,'Ghodaghodi','घोडाघोडी'),
    (711,71,'Lamki-Chuha','लम्कीचुहा'),
    (712,71,'Bhajani','भजनी'),
    (713,71,'Godavari','गोदावरी'),
    (714,71,'Gauri Ganga','गौरीगंगा'),
    (715,71,'Janaki','जानकी'),
    (716,71,'Bardagoriya','बर्दगोरिया'),
    (717,71,'Mohanyal','मोहन्याल'),
    (718,71,'Kailari','कैलारी'),
    (719,71,'Joshipur','जोशीपुर'),
    (720,71,'Chure','चुरे'),
    (721,72,'Bhimdatta','भीमदत्त'),
    (722,72,'Punarbas','पुर्नवास'),
    (723,72,'Bedkot','वेदकोट'),
    (724,72,'Mahakali','महाकाली'),
    (725,72,'Shuklaphanta','शुक्लाफाँटा'),
    (726,72,'Belauri','बेलौरी'),
    (727,72,'Krishnapur','कृष्णपुर'),
    (728,72,'Beldandi','बेलडाडी'),
    (729,72,'Laljhadi','लालझाडी'),
    (730,73,'Amargadhi','अमरगढी'),
    (731,73,'Parashuram','परशुराम'),
    (732,73,'Aalitaal','आलिताल'),
    (733,73,'Bhageshwor','भागेश्वर'),
    (734,73,'Navadurga','नवदुर्गा'),
    (735,73,'Ajaymeru','अजयमेरु'),
    (736,73,'Ganyapdhura','गन्यापधुरा'),
    (737,74,'Dasharath Chanda','दशरथचन्द'),
    (738,74,'Patan','पाटन'),
    (739,74,'Melauli','मेलौली'),
    (740,74,'Purchaundi','पुर्चौडी'),
    (741,74,'Surnaiya','सुर्नया'),
    (742,74,'Sigas','सिगास'),
    (743,74,'Shivanath','शिवनाथ'),
    (744,74,'Pancheshwor','पञ्चेश्वर'),
    (745,74,'Dogada Kedar','दोगडाकेदार'),
    (746,74,'Dilasaini','डीलासैनी'),
    (747,75,'Mahakali','महाकाली'),
    (748,75,'Sailya Shikhar','शैल्यशिखर'),
    (749,75,'Malikarjun','मालिकार्जुन'),
    (750,75,'Api Himal','अपिहिमाल'),
    (751,75,'Duhun','दुहुँ'),
    (752,75,'Naugad','नौगाड'),
    (753,75,'Marma','मार्मा'),
    (754,75,'Lekam','लेकम'),
    (755,75,'Byans','ब्याँस'),
    (756,15,'Rajgadh','राजगढ'),
    (757,17,'Dhanauji','धनौजी'),
    (758,19,'Basbariya','बसबरीया'),
    (759,19,'Kaudena','कौडेना'),
    (760,19,'Parsa','पर्सा'),
    (761,20,'Rajdevi','राजदेवी'),
    (762,20,'Yemunamai','यमुनामाई'),
    (763,21,'Bishrampur','विश्रामपुर'),
    (764,22,'Thori','ठोरी')
SET IDENTITY_INSERT municipality_vdc OFF
END

END ;







